,Id,SalePrice,SalePricePredict
0,1,208500.0,202049.11761814248
1,2,181500.0,182705.0840579388
2,3,223500.0,211190.38301845198
3,4,140000.0,159534.64826900556
4,5,250000.0,287016.54428887804
5,6,143000.0,150983.96131725272
6,7,307000.0,288200.80441378104
7,8,200000.0,219984.95551696318
8,9,129900.0,141745.05791028982
9,10,118000.0,125144.11438451063
10,11,129500.0,129702.79674264394
11,12,345000.0,346091.9483029872
12,13,144000.0,135528.0566280484
13,14,279500.0,225699.77999951752
14,15,157000.0,159069.93538017088
15,16,132000.0,129212.79768892094
16,17,149000.0,152190.17535554006
17,18,90000.0,105024.49602980138
18,19,159000.0,153277.34752163527
19,20,139000.0,131580.9980398622
20,21,325300.0,323316.02651883964
21,22,139400.0,133956.48477545928
22,23,230000.0,246354.80339178588
23,24,129900.0,136723.14095939382
24,25,154000.0,147944.00251925542
25,26,256300.0,259246.55594485402
26,27,134800.0,130202.13467593105
27,28,306000.0,302622.25387524674
28,29,207500.0,199817.69843901362
29,30,68500.0,56728.97814076655
30,31,40000.0,67716.08231837463
31,32,149350.0,136575.14748790662
32,33,179900.0,191753.03239980253
33,34,165500.0,166811.75857854533
34,35,277500.0,279052.22103497636
35,36,309000.0,300263.1717173175
36,37,145000.0,145944.53523591088
37,38,153000.0,159336.84784181687
38,39,109000.0,135421.79213929447
39,40,82000.0,79306.8986320148
40,41,160000.0,154164.34970285546
41,42,170000.0,181759.80774266802
42,43,144000.0,139677.4741593749
43,44,130250.0,128725.62833617936
44,45,141000.0,140120.61194937228
45,46,319900.0,285867.0642657523
46,47,239686.0,269688.2063643592
47,48,249700.0,258485.52675798716
48,49,113000.0,111416.91731966805
49,50,127000.0,127122.67976994613
50,51,177000.0,169251.51694827757
51,52,114500.0,120813.47202538098
52,53,110000.0,115924.10553587847
53,54,385000.0,383105.6629763137
54,55,130000.0,124630.6042122714
55,56,180500.0,166223.69515078998
56,57,172500.0,196902.86476701841
57,58,196500.0,194753.8970951365
58,59,438780.0,403474.2788838119
59,60,124900.0,121455.20859296259
60,61,158000.0,174035.7849025113
61,62,101000.0,95874.87928081222
62,63,202500.0,198432.66370360937
63,64,140000.0,145821.82777394308
64,65,219500.0,250656.86128093154
65,66,317000.0,305236.71407736844
66,67,180000.0,204504.66537390632
67,68,226000.0,213840.35894377722
68,69,80000.0,76395.80918366865
69,70,225000.0,212689.62196821775
70,71,244000.0,263584.25715484814
71,72,129500.0,124638.98420934736
72,73,185000.0,196352.36630695968
73,74,144900.0,141900.51622154284
74,75,107400.0,103936.62915424567
75,76,91000.0,100798.20206447586
76,77,135750.0,116226.50506146578
77,78,127000.0,116018.33530234132
78,79,136500.0,133779.41730723056
79,80,110000.0,100722.6753395794
80,81,193500.0,202258.170049475
81,82,153500.0,165889.99429825362
82,83,245000.0,247684.99661632226
83,84,126500.0,121617.99758099523
84,85,168500.0,166095.00432797798
85,86,260000.0,268354.4995041213
86,87,174000.0,178828.97480614006
87,88,164500.0,165037.6383570416
88,89,85000.0,66874.1776625407
89,90,123600.0,123198.24456870621
90,91,109900.0,103969.46895866598
91,92,98600.0,124305.08404562915
92,93,163500.0,137947.7518836176
93,94,133900.0,162422.1520833663
94,95,204750.0,196182.70017566113
95,96,185000.0,172908.60336023822
96,97,214000.0,217318.89114465466
97,98,94750.0,117720.68683469038
98,99,83000.0,86180.83788993018
99,100,128950.0,125630.14965983621
100,101,205000.0,208345.5161252456
101,102,178000.0,174276.3433666114
102,103,118964.0,116289.05451320198
103,104,198900.0,194134.49953046045
104,105,169500.0,144216.99131253854
105,106,250000.0,250123.99657291512
106,107,100000.0,104566.7823962169
107,108,115000.0,87228.02082840762
108,109,115000.0,109357.98948416431
109,110,190000.0,198619.3874279585
110,111,136900.0,143536.23119835174
111,112,180000.0,168709.22476686825
112,113,383970.0,315918.3993852821
113,114,217000.0,227466.30332514487
114,115,259500.0,210067.514976598
115,116,176000.0,168240.76023962774
116,117,139000.0,136031.87722883534
117,118,155000.0,154696.0553702615
118,119,320000.0,308925.9832455478
119,120,163990.0,167715.31618811464
120,121,180000.0,161411.8882508338
121,122,100000.0,92696.44962119838
122,123,136000.0,138534.28272262902
123,124,153900.0,170230.30673789437
124,125,181000.0,172660.17699450412
125,126,84500.0,95379.11757080581
126,127,128000.0,134570.28749596982
127,128,87000.0,89773.01332526201
128,129,155000.0,149162.7245896295
129,130,150000.0,140817.64247401414
130,131,226000.0,225575.91439226907
131,132,244000.0,209362.76833179474
132,133,150750.0,153149.48182295196
133,134,220000.0,207084.19856774661
134,135,180000.0,168058.87195211335
135,136,174000.0,185295.42600245783
136,137,143000.0,144525.38062819518
137,138,171000.0,210266.36831452438
138,139,230000.0,237997.52126392283
139,140,231500.0,202239.0105157558
140,141,115000.0,110398.68662629939
141,142,260000.0,254478.48254325823
142,143,166000.0,143269.943725146
143,144,204000.0,217545.04526541848
144,145,125000.0,140101.2099362037
145,146,130000.0,133271.0813193191
146,147,105000.0,99447.11465981646
147,148,222500.0,220535.26398197468
148,149,141000.0,142922.44996789162
149,150,115000.0,101939.74810149333
150,151,122000.0,132996.33693662807
151,152,372402.0,336258.6748124314
152,153,190000.0,178850.39557414033
153,154,235000.0,211676.4276403469
154,155,125000.0,109112.08766204576
155,156,79000.0,89684.59695345582
156,157,109500.0,114878.30766534584
157,158,269500.0,261560.15205525805
158,159,254900.0,237576.99784071068
159,160,320000.0,301150.28788210364
160,161,162500.0,160591.22304363546
161,162,412500.0,411602.9870820121
162,163,220000.0,245567.27419298622
163,164,103200.0,95756.84105213142
164,165,152000.0,143293.3281590468
165,166,127500.0,122680.91801914465
166,167,190000.0,192026.55016680397
167,168,325624.0,355991.84125557047
168,169,183500.0,193030.5399768152
169,170,228000.0,248960.19415800815
170,171,128500.0,120328.17402478543
171,172,215000.0,212755.65550740587
172,173,239000.0,213255.86146877933
173,174,163000.0,160038.8426153189
174,175,184000.0,189151.84932742862
175,176,243000.0,230371.57706051026
176,177,211000.0,200859.0454525429
177,178,172500.0,156795.6831598841
178,179,501837.0,494400.39298216236
179,180,100000.0,109870.28324866653
180,181,177000.0,171696.7931683824
181,182,200100.0,173568.3411274874
182,183,120000.0,120291.1190865403
183,184,200000.0,211905.77571903414
184,185,127000.0,122960.40615896886
185,186,475000.0,459365.74256698845
186,187,173000.0,179499.82694984658
187,188,135000.0,126003.02806926645
188,189,153337.0,151113.9351347628
189,190,286000.0,252509.949624739
190,191,315000.0,307932.1936371448
191,192,184000.0,168826.82338346756
192,193,192000.0,207392.35592141474
193,194,130000.0,147566.78846004733
194,195,127000.0,128801.63330948698
195,196,148500.0,153110.8817081668
196,197,311872.0,276415.3781796816
197,198,235000.0,262286.6473283553
198,199,104000.0,115946.22410559696
199,200,274900.0,278650.8374763278
200,201,140000.0,137676.6533304883
201,202,171500.0,171770.37056855703
202,203,112000.0,122621.43965282026
203,204,149000.0,146883.92425384093
204,205,110000.0,106141.150302645
205,206,180500.0,181568.64018598938
206,207,143900.0,136720.68123027007
207,208,141000.0,144653.49142507292
208,209,277000.0,246909.88685688176
209,210,145000.0,147335.22771099568
210,211,98000.0,101851.33085531043
211,212,186000.0,176812.21965554266
212,213,252678.0,255202.8588887803
213,214,156000.0,147784.6604486432
214,215,161750.0,148227.39469644433
215,216,134450.0,143215.72776547796
216,217,210000.0,201691.06490325477
217,218,107000.0,83768.91695137112
218,219,311500.0,217437.070593344
219,220,167240.0,174224.61544302502
220,221,204900.0,210496.76114619424
221,222,200000.0,198311.97430841895
222,223,179900.0,171443.10747392126
223,224,97000.0,114906.79431768288
224,225,386250.0,431507.1533414338
225,226,112000.0,99896.07433601144
226,227,290000.0,283294.80784082157
227,228,106000.0,97771.35932934546
228,229,125000.0,126211.67381639896
229,230,192500.0,191447.961922744
230,231,148000.0,139137.11251557176
231,232,403000.0,375784.2633815714
232,233,94500.0,102057.11028492796
233,234,128200.0,129635.91571871238
234,235,216500.0,207615.15747344834
235,236,89500.0,82582.80541565678
236,237,185500.0,186172.179667523
237,238,194500.0,202391.01912857566
238,239,318000.0,276378.2105255379
239,240,113000.0,125422.18114182742
240,241,262500.0,270024.7222190924
241,242,110500.0,105184.86936168057
242,243,79000.0,86239.63308560425
243,244,120000.0,138487.2103034844
244,245,205000.0,233898.57558466113
245,246,241500.0,235580.33710614187
246,247,137000.0,153692.55169401373
247,248,140000.0,152011.3441518256
248,249,180000.0,192236.5130624544
249,250,277000.0,268891.4345371043
250,251,76500.0,81348.13238751923
251,252,235000.0,260917.09066875032
252,253,173000.0,178942.98844709437
253,254,158000.0,157958.33076021753
254,255,145000.0,147489.10367205064
255,256,230000.0,236501.5185521761
256,257,207500.0,192014.73991156445
257,258,220000.0,244436.84568164285
258,259,231500.0,210427.3978088668
259,260,97000.0,103289.08035194434
260,261,176000.0,185537.73228274376
261,262,276000.0,351082.58373866364
262,263,151000.0,158204.70849256613
263,264,130000.0,126972.2789742139
264,265,73000.0,82149.30727628921
265,266,175500.0,182663.2378136689
266,267,185000.0,182722.8266122248
267,268,179500.0,169510.05258231008
268,269,120500.0,119407.96976758378
269,270,148000.0,168184.4901641261
270,271,266000.0,280818.9418549618
271,272,241500.0,226697.58086132185
272,273,290000.0,287564.7461548481
273,274,139000.0,159676.2467789751
274,275,124500.0,123972.26243064286
275,276,205000.0,185576.0485229662
276,277,201000.0,210331.05298191236
277,278,141000.0,115346.09346517586
278,279,415298.0,403793.6889497736
279,280,192000.0,208131.36187527885
280,281,228500.0,207405.80643406723
281,282,185000.0,187956.447949096
282,283,207500.0,214273.79724714597
283,284,244600.0,252714.34630626618
284,285,179200.0,184095.49070643043
285,286,164700.0,161160.4984436062
286,287,159000.0,177441.16857045377
287,288,88000.0,101490.45452941342
288,289,122000.0,118494.74478357832
289,290,153575.0,143691.6668902706
290,291,233230.0,248785.05568998237
291,292,135900.0,124731.39878026677
292,293,131000.0,140668.7563965282
293,294,235000.0,242051.28162006478
294,295,167000.0,170315.22962865693
295,296,142500.0,151703.11509987983
296,297,152000.0,129536.31215864552
297,298,239000.0,226727.39161329702
298,299,175000.0,169927.09125782058
299,300,158500.0,151709.27734865824
300,301,157000.0,153218.53423673994
301,302,267000.0,296581.5359983609
302,303,205000.0,222571.1594077138
303,304,149900.0,130309.93879400716
304,305,295000.0,302548.86186725687
305,306,305900.0,336918.4965054398
306,307,225000.0,228288.23277499597
307,308,89500.0,102215.47603491328
308,309,82500.0,101731.51586110413
309,310,360000.0,376081.30295452825
310,311,165600.0,171691.7421871414
311,312,132000.0,135219.1017845762
312,313,119900.0,119235.92333643323
313,314,375000.0,358151.52594152937
314,315,178000.0,176682.16526403284
315,316,188500.0,175016.89173949836
316,317,260000.0,230943.66457904756
317,318,270000.0,268385.9805301496
318,319,260000.0,272135.6321360895
319,320,187500.0,199333.32276178384
320,321,342643.0,355347.1660749298
321,322,354000.0,319486.8546211135
322,323,301000.0,249111.51903562728
323,324,126175.0,122409.01209935638
324,325,242000.0,259301.61045974342
325,326,87000.0,85639.51531326461
326,327,324000.0,299726.87954159005
327,328,145250.0,148270.0549304991
328,329,214500.0,176646.0659232885
329,330,78000.0,82252.70617006163
330,331,119000.0,138792.6827760614
331,332,139000.0,135468.42332334383
332,333,284000.0,292848.23997913115
333,334,207000.0,192425.4494297458
334,335,192000.0,192328.38269007255
335,336,228950.0,224200.30551391936
336,337,377426.0,376189.3302027776
337,338,214000.0,225981.25859271604
338,339,202500.0,199137.3028956128
339,340,155000.0,155956.93003251753
340,341,202900.0,224990.28554815814
341,342,82000.0,84455.13944447067
342,343,87500.0,85149.40132756875
343,344,266000.0,272201.31326278124
344,345,85000.0,86731.54590845651
345,346,140200.0,140542.96001959647
346,347,151500.0,148544.99067792136
347,348,157500.0,166807.8399146894
348,349,154000.0,178721.94076546017
349,350,437154.0,444987.6666434129
350,351,318061.0,304797.78075155284
351,352,190000.0,207935.1894169406
352,353,95000.0,98575.4187437056
353,354,105900.0,107575.72152467161
354,355,140000.0,149952.10408427106
355,356,177500.0,176556.62499866926
356,357,173000.0,167208.79721760156
357,358,134000.0,147676.2148353592
358,359,130000.0,127875.19846851053
359,360,280000.0,274281.5464524043
360,361,156000.0,146009.78637275167
361,362,145000.0,129943.23055877879
362,363,198500.0,188568.71810486697
363,364,118000.0,108283.75830198229
364,365,190000.0,190470.2628791186
365,366,147000.0,130820.04852353495
366,367,159000.0,165008.13970597184
367,368,165000.0,176416.8156703906
368,369,132000.0,149325.44388720384
369,370,162000.0,156856.5039263567
370,371,172400.0,173174.06232922175
371,372,134432.0,119121.88807626154
372,373,125000.0,122792.45015960548
373,374,123000.0,123911.90855733589
374,375,219500.0,215125.8677963471
375,376,61000.0,74468.43572764973
376,377,148000.0,136459.74432369843
377,378,340000.0,316560.87876115413
378,379,394432.0,383087.477740408
379,380,179000.0,185540.95478422157
380,381,127000.0,142032.07427613143
381,382,187750.0,197131.99308363517
382,383,213500.0,197304.87348624904
383,384,76000.0,75862.25444992802
384,385,240000.0,230267.24530632503
385,386,192000.0,187984.01991281097
386,387,81000.0,77521.65402379818
387,388,125000.0,136306.2634609196
388,389,191000.0,194203.52957468285
389,390,426000.0,430153.07017093914
390,391,119000.0,132757.4540682325
391,392,215000.0,213591.94027218904
392,393,106500.0,107118.50448777324
393,394,100000.0,84706.78883747317
394,395,109000.0,110578.19145267893
395,396,129000.0,140946.86548063147
396,397,123000.0,127269.57696240007
397,398,169500.0,148556.79153058698
398,399,67000.0,72524.43307049824
399,400,241000.0,204189.53406744509
400,401,245500.0,241752.8873115802
401,402,164990.0,183936.80434546908
402,403,108000.0,109531.53735024865
403,404,258000.0,261628.99187638378
404,405,168000.0,174822.2076554612
405,406,150000.0,153393.0494986158
406,407,115000.0,115626.70231305221
407,408,177000.0,162139.14756181443
408,409,280000.0,271690.98646457674
409,410,339750.0,313042.9663923119
410,411,60000.0,88696.1975096445
411,412,145000.0,141629.87703361438
412,413,222000.0,226756.44225728457
413,414,115000.0,107603.9375553457
414,415,228000.0,247296.35755478934
415,416,181134.0,189904.8167869378
416,417,149500.0,160946.60639177018
417,418,239000.0,237938.73493809276
418,419,126000.0,112414.43381653249
419,420,142000.0,138914.7259769991
420,421,206300.0,209065.46152119446
421,422,215000.0,223127.31747000088
422,423,113000.0,122226.14552289552
423,424,315000.0,338227.7974875123
424,425,139000.0,150123.2805158752
425,426,135000.0,141954.94363038277
426,427,275000.0,252480.41561813623
427,428,109008.0,108311.66048245985
428,429,195400.0,200481.81074281488
429,430,175000.0,188283.15002394078
430,431,85400.0,90155.78198569825
431,432,79900.0,107124.21549168754
432,433,122500.0,113146.42433877743
433,434,181000.0,173403.05709836725
434,435,81000.0,89148.76637736251
435,436,212000.0,208075.93116038787
436,437,116000.0,112233.88137653029
437,438,119000.0,113125.81500586968
438,439,90350.0,101630.79444701786
439,440,110000.0,140840.38019722802
440,441,555000.0,548705.5992955562
441,442,118000.0,119372.12387060538
442,443,162900.0,137352.8592766078
443,444,172500.0,188764.26437173216
444,445,210000.0,217422.73959459458
445,446,127500.0,161533.1652620972
446,447,190000.0,204747.50681267036
447,448,199900.0,203969.17337237316
448,449,119500.0,122347.63349138886
449,450,120000.0,106497.81687057998
450,451,110000.0,109786.71124852709
451,452,280000.0,244839.46189175843
452,453,204000.0,183789.0565763602
453,454,210000.0,212055.25163638376
454,455,188000.0,158895.5190707355
455,456,175500.0,178191.27996643394
456,457,98000.0,94022.313375719
457,458,256000.0,212078.55345181635
458,459,161000.0,170776.62646178063
459,460,110000.0,112083.97025732124
460,461,263435.0,255520.67266583865
461,462,155000.0,155000.02971975465
462,463,62383.0,128527.9896610181
463,464,188700.0,170767.72300727162
464,465,124000.0,124761.41783112397
465,466,178740.0,177645.33592938358
466,467,167000.0,177191.93323450233
467,468,146500.0,145641.1139346996
468,469,250000.0,255878.3199796346
469,470,187000.0,188298.69377062147
470,471,212000.0,214062.45367312053
471,472,190000.0,192249.93520160677
472,473,148000.0,149665.5758339662
473,474,440000.0,393659.3937172469
474,475,251000.0,256224.85711211644
475,476,132500.0,136530.28534810586
476,477,208900.0,200431.54842311394
477,478,380000.0,407651.71480910847
478,479,297000.0,302567.0079522024
479,480,89471.0,106666.69553102872
480,481,326000.0,349535.36963865225
481,482,374000.0,337030.9867926449
482,483,155000.0,157429.5757055867
483,484,164000.0,161195.3379013766
484,485,132500.0,131329.79167102338
485,486,147000.0,146360.66075454527
486,487,156000.0,144724.95169531537
487,488,175000.0,161580.0145201301
488,489,160000.0,149675.1326923333
489,490,86000.0,100869.88066751388
490,491,115000.0,115761.57607931692
491,492,133000.0,154604.8082758344
492,493,172785.0,171284.11789006463
493,494,155000.0,154646.74415419373
494,495,91300.0,96659.75092012684
495,496,34900.0,49941.029054538645
496,497,430000.0,408623.06767983444
497,498,184000.0,169241.58006189216
498,499,130000.0,126803.28847546376
499,500,120000.0,127821.27058956957
500,501,113000.0,109134.50813173046
501,502,226700.0,210369.1190150259
502,503,140000.0,143024.46622675893
503,504,289000.0,276195.01560013246
504,505,147000.0,147157.16540609713
505,506,124500.0,122728.4325680938
506,507,215000.0,208105.39499044267
507,508,208300.0,200872.16188345474
508,509,161000.0,152144.35312497325
509,510,124500.0,138343.25836491422
510,511,164900.0,165071.55755398778
511,512,202665.0,192384.47086070344
512,513,129900.0,122564.92294017924
513,514,134000.0,142369.9295333733
514,515,96500.0,90910.41436871377
515,516,402861.0,428265.6235404899
516,517,158000.0,166303.80657426448
517,518,265000.0,267599.55977400235
518,519,211000.0,193516.20489011734
519,520,234000.0,227804.25236437525
520,521,106250.0,101533.06677045484
521,522,150000.0,155591.5668905185
522,523,159000.0,151142.99390734592
523,524,184750.0,201164.4310700295
524,525,315750.0,287106.8787952822
525,526,176000.0,178287.26848743923
526,527,132000.0,134894.53118294475
527,528,446261.0,445309.1721032772
528,529,86000.0,93159.89672276088
529,530,200624.0,197113.91889649452
530,531,175000.0,187973.87154497617
531,532,128000.0,129217.13319997411
532,533,107500.0,118637.92196719264
533,534,39300.0,55540.31652065258
534,535,178000.0,183612.71288817748
535,536,107500.0,141322.02907986447
536,537,188000.0,193812.91997585894
537,538,111250.0,122357.32451322406
538,539,158000.0,142001.08477443873
539,540,272000.0,265494.1093743071
540,541,315000.0,332460.92034648446
541,542,248000.0,266368.4929338134
542,543,213250.0,221412.07499572958
543,544,133000.0,147171.83963475042
544,545,179665.0,190180.68196456056
545,546,229000.0,238257.65881393096
546,547,210000.0,186445.6385840311
547,548,129500.0,124686.91474742664
548,549,125000.0,123649.15014711839
549,550,263000.0,245286.02548844053
550,551,140000.0,138346.54881978704
551,552,112500.0,111770.14919261979
552,553,255500.0,261028.23413940586
553,554,108000.0,105559.12003743682
554,555,284000.0,263806.24919431953
555,556,113000.0,111201.85157647848
556,557,141000.0,148426.5725538331
557,558,108000.0,108795.4092646159
558,559,175000.0,192688.82778986153
559,560,234000.0,197149.0480985763
560,561,121500.0,156072.53058812348
561,562,170000.0,153701.79778234928
562,563,108000.0,125554.19916146781
563,564,185000.0,182944.6295576677
564,565,268000.0,260956.9224045163
565,566,128000.0,120703.08402394905
566,567,325000.0,323904.2033200919
567,568,214000.0,211626.23922254881
568,569,316600.0,303168.10505783546
569,570,135960.0,147033.3443495064
570,571,142600.0,145031.11135072645
571,572,120000.0,120461.2213281956
572,573,224500.0,216551.03260939402
573,574,170000.0,163410.68107835733
574,575,139000.0,124124.5560579141
575,576,118500.0,117765.6376755617
576,577,145000.0,159421.5004407384
577,578,164500.0,160219.75091154597
578,579,146000.0,150701.28931261445
579,580,131500.0,127615.1013475061
580,581,181900.0,186656.7160120978
581,582,253293.0,390526.7811846146
582,583,118500.0,127577.67788622719
583,584,325000.0,335608.458004287
584,585,133000.0,121861.60383436948
585,586,369900.0,371019.5697338742
586,587,130000.0,126193.52692298408
587,588,137000.0,131161.17927841694
588,589,143000.0,199952.1521906004
589,590,79500.0,89187.57220082497
590,591,185900.0,196317.41896332987
591,592,451950.0,443894.8404006354
592,593,138000.0,143662.39843758597
593,594,140000.0,142139.3659903875
594,595,110000.0,114400.55606738298
595,596,319000.0,316082.62504302495
596,597,114504.0,116605.4568211546
597,598,194201.0,192422.04781119776
598,599,217500.0,173659.77017715128
599,600,151000.0,150808.06502989706
600,601,275000.0,243282.50316909657
601,602,141000.0,133244.09953959993
602,603,220000.0,218736.92555834234
603,604,151000.0,149260.68306034963
604,605,221000.0,223904.40648934495
605,606,205000.0,203497.64630318413
606,607,152000.0,151893.08028964634
607,608,225000.0,172872.37628415058
608,609,359100.0,342480.96863981313
609,610,118500.0,118553.87927109751
610,611,313000.0,315145.42056908127
611,612,148000.0,149646.76230866424
612,613,261500.0,258554.59540475282
613,614,147000.0,133457.8157563203
614,615,75500.0,81977.47840659406
615,616,137500.0,143976.31084995813
616,617,183200.0,182771.16719685082
617,618,105500.0,116143.37255411454
618,619,314813.0,320488.8879585298
619,620,305000.0,315541.11697185854
620,621,67000.0,69494.59799385496
621,622,240000.0,252875.2178617347
622,623,135000.0,133124.74897984648
623,624,168500.0,171696.7931683824
624,625,165150.0,162981.48339179752
625,626,160000.0,143585.7601117085
626,627,139900.0,135025.39519048837
627,628,153000.0,161980.71199486122
628,629,135000.0,165343.64429149716
629,630,168500.0,162348.23938026288
630,631,124000.0,107530.16030956183
631,632,209500.0,229878.9985703998
632,633,82500.0,159979.38063179218
633,634,139400.0,141803.4880024326
634,635,144000.0,150050.49355237058
635,636,200000.0,197128.36811976368
636,637,60000.0,62038.20876922363
637,638,93000.0,102144.10677397253
638,639,85000.0,94797.2387639844
639,640,264561.0,268524.00531120517
640,641,274000.0,280284.6946996901
641,642,226000.0,223428.3451522559
642,643,345000.0,358169.8517540656
643,644,152000.0,139251.67475331106
644,645,370878.0,353945.5280513851
645,646,143250.0,138242.65529582484
646,647,98300.0,101644.97507593223
647,648,155000.0,152608.3557694664
648,649,155000.0,167690.93371706805
649,650,84500.0,81977.47840659406
650,651,205950.0,202507.01772302666
651,652,108000.0,116792.319844588
652,653,191000.0,195370.63844277026
653,654,135000.0,130403.08510960633
654,655,350000.0,359325.12777155126
655,656,88000.0,93816.31774756068
656,657,145500.0,145366.70261484297
657,658,149000.0,158710.5813121858
658,659,97500.0,131497.58988483628
659,660,167000.0,163366.92201653233
660,661,197900.0,200158.79759606585
661,662,402000.0,396013.652948546
662,663,110000.0,129057.7521417465
663,664,137500.0,137503.4867104086
664,665,423000.0,405081.733473833
665,666,230500.0,253519.4487454326
666,667,129000.0,154920.59307842984
667,668,193500.0,197227.1914631507
668,669,168000.0,166369.72154741647
669,670,137500.0,112658.77087772421
670,671,173500.0,175476.05160378275
671,672,103600.0,113587.53233150057
672,673,165000.0,170762.4544505162
673,674,257500.0,235985.35668484718
674,675,140000.0,149734.843878658
675,676,148500.0,158151.18908405834
676,677,87000.0,97634.97000035095
677,678,109500.0,117032.61640347127
678,679,372500.0,370988.19599074457
679,680,128500.0,127284.60792572616
680,681,143000.0,135613.8232242315
681,682,159434.0,122329.11157530904
682,683,173000.0,175036.9765372959
683,684,285000.0,291936.27613729064
684,685,221000.0,221371.490937864
685,686,207500.0,213742.973530254
686,687,227875.0,226572.13999608147
687,688,148800.0,148017.0528373974
688,689,392000.0,313523.6357654782
689,690,194700.0,177152.40464194058
690,691,141000.0,153342.4664919097
691,692,683249.9999999998,664887.1223097414
692,693,335000.0,276463.64176360756
693,694,108480.0,112929.68627491844
694,695,141500.0,124329.44824892242
695,696,176000.0,175527.5092898281
696,697,89000.0,89410.1229495353
697,698,123500.0,128240.86129335708
698,699,138500.0,141553.55432618523
699,700,196000.0,189618.18269197005
700,701,312500.0,312488.44910498156
701,702,140000.0,152425.4685564183
702,703,361919.0,335992.96207429684
703,704,140000.0,139464.65953305978
704,705,213000.0,206984.99269815214
705,706,55000.0,57287.908886786136
706,707,302000.0,290312.3824919591
707,708,254000.0,206832.63410006044
708,709,179540.0,178827.90480138894
709,710,109900.0,113282.42027891114
710,711,52000.0,69427.12120565836
711,712,102776.0,99822.38930567657
712,713,189000.0,195799.74057452485
713,714,129000.0,120565.43610143093
714,715,130500.0,162043.33612682938
715,716,165000.0,152313.40319175244
716,717,159500.0,231724.38898223586
717,718,157000.0,156763.06389938336
718,719,341000.0,309932.01291049394
719,720,128500.0,138920.66389427698
720,721,275000.0,273013.8608690635
721,722,143000.0,141896.4815182256
722,723,124500.0,111756.81087769757
723,724,135000.0,130008.9617046797
724,725,320000.0,328298.2992488103
725,726,120500.0,117066.19499374408
726,727,222000.0,222653.07098027348
727,728,194500.0,192185.2790394314
728,729,110000.0,150658.98384338015
729,730,103000.0,91045.98287657209
730,731,236500.0,254986.330968678
731,732,187500.0,169751.85222665215
732,733,222500.0,234255.78284691102
733,734,131400.0,131424.91170541852
734,735,108000.0,110970.31341258586
735,736,163000.0,170333.97537617345
736,737,93500.0,85149.40132756875
737,738,239900.0,218655.8003677521
738,739,179000.0,157470.84625101692
739,740,190000.0,193752.55453208438
740,741,132000.0,116649.66048158139
741,742,142000.0,139367.39430627075
742,743,179000.0,174698.35640622946
743,744,175000.0,151811.9945266433
744,745,180000.0,199920.30175748852
745,746,299800.0,310129.38528598147
746,747,236000.0,245353.67856652
747,748,265979.0,272999.9776720261
748,749,260400.0,239264.97985134347
749,750,98000.0,81842.97875595593
750,751,96500.0,94459.5821583267
751,752,162000.0,153042.35413076435
752,753,217000.0,201294.09685893368
753,754,275500.0,273406.2614183328
754,755,156000.0,149900.77709323756
755,756,172500.0,165022.55652594205
756,757,212000.0,207279.6523691664
757,758,158900.0,160342.09318125437
758,759,179400.0,168909.50184804574
759,760,290000.0,313846.3863036651
760,761,127500.0,123527.19734262695
761,762,100000.0,109735.88365333219
762,763,215200.0,206824.83474843306
763,764,337000.0,317258.6072188505
764,765,270000.0,252284.7944016702
765,766,264132.0,280324.0963876464
766,767,196500.0,199021.45472995707
767,768,160000.0,167872.67516488166
768,769,216837.0,219136.20125118401
769,770,538000.0,391760.43023204006
770,771,134900.0,134030.841369864
771,772,102000.0,123964.19089885092
772,773,107000.0,143334.32804831018
773,774,114500.0,118108.61839148047
774,775,395000.0,353845.3640578208
775,776,162000.0,164014.96474311023
776,777,221500.0,232364.00252777853
777,778,142500.0,139461.5151953216
778,779,144000.0,123713.16831972098
779,780,135000.0,146342.91712779432
780,781,176000.0,176317.1758315305
781,782,175900.0,173940.80498176796
782,783,187100.0,198157.51826741218
783,784,165500.0,165216.9556599918
784,785,128000.0,127540.9200661692
785,786,161500.0,160727.9461951303
786,787,139000.0,127334.80713522322
787,788,233000.0,243233.92843415594
788,789,107900.0,108396.9433589502
789,790,187500.0,203624.85590658442
790,791,160200.0,161280.01888309294
791,792,146800.0,151750.79675909982
792,793,269790.0,239837.69426132776
793,794,225000.0,230454.1415723138
794,795,194500.0,189581.35185868372
795,796,171000.0,160219.050101138
796,797,143500.0,146803.854764547
797,798,110000.0,109965.88434663821
798,799,485000.0,479841.5628845577
799,800,175000.0,151789.04281622
800,801,200000.0,201823.1101541445
801,802,109900.0,114691.84928446481
802,803,189000.0,182804.36986316805
803,804,582933.0,556023.9782548553
804,805,118000.0,120943.58323554105
805,806,227680.0,214648.95261488497
806,807,135500.0,126167.37594222066
807,808,223500.0,214601.8437507015
808,809,159950.0,147631.8029264714
809,810,106000.0,111346.25059579009
810,811,181000.0,170779.51968419537
811,812,144500.0,154165.25826710043
812,813,55993.0,97908.23978119751
813,814,157900.0,155276.0436618202
814,815,116000.0,118117.01622017562
815,816,224900.0,213938.9165510196
816,817,137000.0,139983.20037117886
817,818,271000.0,300999.3542442805
818,819,155000.0,143753.6968953706
819,820,224000.0,223925.90138829438
820,821,183000.0,188129.7488630634
821,822,93000.0,83348.07684568211
822,823,225000.0,194819.76220357805
823,824,139500.0,150311.46757692914
824,825,232600.0,232158.83940097742
825,826,385000.0,403105.3182195958
826,827,109500.0,99557.97322787925
827,828,189000.0,194696.1992603389
828,829,185000.0,172191.93563652603
829,830,147400.0,150836.85346360336
830,831,166000.0,166681.43882639727
831,832,151000.0,148459.99648444136
832,833,237000.0,218073.72831594554
833,834,167000.0,171858.04643689469
834,835,139950.0,139741.80409440552
835,836,128000.0,129235.309863265
836,837,153500.0,130667.30664260525
837,838,100000.0,94312.02818967367
838,839,144000.0,144448.643436739
839,840,130500.0,126798.25039683655
840,841,140000.0,145054.04820028352
841,842,157500.0,147474.4489362834
842,843,174900.0,160601.28416811
843,844,141000.0,138756.66477400766
844,845,153900.0,150807.28721521783
845,846,171000.0,170261.4050566903
846,847,213000.0,191159.23199500714
847,848,133500.0,136789.96087918698
848,849,240000.0,241398.30239649783
849,850,187000.0,186799.5605016517
850,851,131500.0,141896.4815182256
851,852,215000.0,198528.32381045358
852,853,164000.0,159644.52551589577
853,854,158000.0,179228.81801729286
854,855,170000.0,179487.47887243054
855,856,127000.0,139533.49327910357
856,857,147000.0,150758.46595411125
857,858,174000.0,159989.72206178526
858,859,152000.0,155038.79475742677
859,860,250000.0,233138.8481386575
860,861,189950.0,168799.71530579776
861,862,131500.0,126947.33943061986
862,863,152000.0,142132.23258883043
863,864,132500.0,139528.1750435924
864,865,250580.0,194207.53502796896
865,866,148500.0,139245.95391847324
866,867,248900.0,266128.8081235574
867,868,129000.0,127974.04800506268
868,869,169000.0,160813.5464632019
869,870,236000.0,218646.1501099587
870,871,109500.0,102224.78711816619
871,872,200500.0,192316.13389703888
872,873,116000.0,117880.13902703325
873,874,133000.0,133885.71745735695
874,875,66500.0,86723.95692668535
875,876,303477.0,312903.74910864653
876,877,132250.0,138880.3328759049
877,878,350000.0,333642.521278898
878,879,148000.0,147441.98016486273
879,880,136500.0,134503.93838749782
880,881,157000.0,160633.08094885197
881,882,187500.0,200536.00500465755
882,883,178000.0,177851.60233650735
883,884,118500.0,123348.68862070258
884,885,100000.0,116849.7238843346
885,886,328900.0,303195.9023206319
886,887,145000.0,154434.27180683
887,888,135500.0,137702.88281635416
888,889,268000.0,299309.1912406309
889,890,149500.0,152632.15969977767
890,891,122900.0,120214.03200906041
891,892,172500.0,171076.7895060542
892,893,154500.0,146370.3196011405
893,894,165000.0,152849.70631935517
894,895,118858.0,117394.40039046387
895,896,140000.0,167790.39960570747
896,897,106500.0,88415.53286871681
897,898,142953.0,138413.96859292607
898,899,611657.0,585005.3872572673
899,900,135000.0,136012.89965082833
900,901,110000.0,110905.55990556236
901,902,153000.0,156797.3985643699
902,903,180000.0,178585.3665753512
903,904,240000.0,238810.43200005405
904,905,125500.0,126163.8689299046
905,906,128000.0,130192.7223636494
906,907,255000.0,264465.81905607326
907,908,250000.0,241682.55854308
908,909,131000.0,133500.2264894918
909,910,174000.0,172573.4758661761
910,911,154300.0,152012.1977291055
911,912,143500.0,144067.8116046772
912,913,88000.0,96654.35512237837
913,914,145000.0,148288.82074084313
914,915,173733.0,172210.84332207087
915,916,75000.0,86307.71958751282
916,917,35311.0,49976.861910130014
917,918,135000.0,139719.80762528785
918,919,238000.0,246511.07802508873
919,920,176500.0,188045.91132213766
920,921,201000.0,192096.5108250685
921,922,145900.0,178708.39067372945
922,923,169990.0,170878.01614455407
923,924,193000.0,187936.671585691
924,925,207500.0,198753.27231105306
925,926,175000.0,159703.6864837815
926,927,285000.0,290362.7090898249
927,928,176000.0,181058.96002223165
928,929,236500.0,246053.96935148834
929,930,222000.0,245371.97124436076
930,931,201000.0,218889.77618450532
931,932,117500.0,126020.60744396676
932,933,320000.0,311298.22370401415
933,934,190000.0,202708.93386409964
934,935,242000.0,232958.89791745265
935,936,79900.0,86390.91936239465
936,937,184900.0,187700.6099335097
937,938,253000.0,242020.04076966338
938,939,239799.0,249835.21063541903
939,940,244400.0,244049.43585958853
940,941,150900.0,171091.5624247218
941,942,214000.0,232807.7848014631
942,943,150000.0,148917.43304147074
943,944,143000.0,148142.87827243717
944,945,137500.0,160171.07646670766
945,946,124900.0,141013.90077020472
946,947,143000.0,153576.56854960084
947,948,270000.0,286728.4923847966
948,949,192500.0,203717.39806483654
949,950,197500.0,190265.1586620291
950,951,129000.0,136816.58013567666
951,952,119900.0,115980.53456227644
952,953,133900.0,131434.5294002385
953,954,172000.0,151091.2049567278
954,955,127500.0,131170.2773483739
955,956,145000.0,152795.1555538773
956,957,124000.0,130937.72681741042
957,958,132000.0,127701.66532987889
958,959,185000.0,189555.07477825487
959,960,155000.0,158836.3369253601
960,961,116500.0,129983.13582110353
961,962,272000.0,268905.1378523283
962,963,155000.0,160986.0685409907
963,964,239000.0,260662.33013403654
964,965,214900.0,217467.85206402355
965,966,178900.0,175989.92683751133
966,967,160000.0,133417.4052278162
967,968,135000.0,133631.8051331972
968,969,37900.0,56700.12111894914
969,970,140000.0,135389.02706454688
970,971,135000.0,95539.86114565807
971,972,173000.0,176992.7547322285
972,973,99500.0,127390.8950782668
973,974,182000.0,200807.00072225113
974,975,167500.0,175630.78372291516
975,976,165000.0,162220.86371227223
976,977,85500.0,88125.06512398133
977,978,199900.0,209361.1093785208
978,979,110000.0,110709.61360984262
979,980,139000.0,134413.12709285543
980,981,178400.0,172436.62750143482
981,982,336000.0,318994.85746948246
982,983,159895.0,170540.41580268095
983,984,255900.0,275719.93068877707
984,985,126000.0,126426.21506510458
985,986,125000.0,134085.12063720296
986,987,117000.0,122202.39525817403
987,988,395192.0,392974.6095714027
988,989,195000.0,184160.34768809736
989,990,197000.0,190887.6454041248
990,991,348000.0,319913.4786113799
991,992,168000.0,174361.579942975
992,993,187000.0,195233.38634730084
993,994,173900.0,178738.69893498943
994,995,337500.0,343367.36509412766
995,996,121600.0,111821.50703671233
996,997,136500.0,137377.42977616895
997,998,185000.0,166631.36466047715
998,999,91000.0,89187.54076273982
999,1000,206000.0,184341.8016999805
1000,1001,82000.0,87728.55490538635
1001,1002,86000.0,87966.07583980032
1002,1003,232000.0,238665.54990364137
1003,1004,136905.0,147196.9363268787
1004,1005,181000.0,191206.78649214125
1005,1006,149900.0,137615.36917819627
1006,1007,163500.0,170685.12593794745
1007,1008,88000.0,91474.11681799353
1008,1009,240000.0,227132.7154214747
1009,1010,102000.0,100925.30213317047
1010,1011,135000.0,131526.11122567675
1011,1012,100000.0,97648.21077055144
1012,1013,165000.0,155404.60538295197
1013,1014,85000.0,96542.71734325515
1014,1015,119200.0,128834.05330628973
1015,1016,227000.0,211468.95428711057
1016,1017,203000.0,223954.9121443798
1017,1018,187500.0,196151.17024483683
1018,1019,160000.0,164496.23523206412
1019,1020,213490.0,199570.41214009604
1020,1021,176000.0,168985.0681540642
1021,1022,194000.0,196998.36290644694
1022,1023,87000.0,98634.61785655488
1023,1024,191000.0,191206.78649214125
1024,1025,287000.0,304718.56300352945
1025,1026,112500.0,119740.33401096279
1026,1027,167500.0,145410.6785738064
1027,1028,293077.0,320616.3911319553
1028,1029,105000.0,119203.0719480436
1029,1030,118000.0,116280.62980108675
1030,1031,160000.0,138835.14717158786
1031,1032,197000.0,201951.5453353063
1032,1033,310000.0,326492.5759537215
1033,1034,230000.0,241474.45151904123
1034,1035,119750.0,118738.46148917504
1035,1036,84000.0,86026.26032974881
1036,1037,315500.0,321722.92804997566
1037,1038,287000.0,283348.63311515097
1038,1039,97000.0,105301.80192002146
1039,1040,80000.0,79426.25296907935
1040,1041,155000.0,162831.05706088257
1041,1042,173000.0,175241.9172741363
1042,1043,196000.0,187835.23011849698
1043,1044,262280.0,245587.6701398649
1044,1045,278000.0,316113.2778492184
1045,1046,139600.0,126157.01390156656
1046,1047,556581.0,439091.22287159367
1047,1048,145000.0,142222.5950719714
1048,1049,115000.0,130142.21676462347
1049,1050,84900.0,103628.18106469358
1050,1051,176485.0,179307.0584765164
1051,1052,200141.0,184688.37590899708
1052,1053,165000.0,171510.97237785807
1053,1054,144500.0,147485.49937539385
1054,1055,255000.0,262392.4556618193
1055,1056,180000.0,158106.91406133087
1056,1057,185850.0,197309.65067233308
1057,1058,248000.0,233497.3856430461
1058,1059,335000.0,343635.8577869119
1059,1060,220000.0,189124.5213902344
1060,1061,213500.0,199797.16162170673
1061,1062,81000.0,94406.13512344367
1062,1063,90000.0,111807.80568290867
1063,1064,110500.0,123365.82132595182
1064,1065,154000.0,155585.63561735462
1065,1066,328000.0,275182.2131566811
1066,1067,178000.0,179846.98513049327
1067,1068,167900.0,166863.59382297538
1068,1069,151400.0,150729.0525495813
1069,1070,135000.0,122393.30365379693
1070,1071,135000.0,129599.931015888
1071,1072,154000.0,148236.16599548154
1072,1073,91500.0,118154.31844499092
1073,1074,159500.0,154105.4828849325
1074,1075,194000.0,187871.13911389955
1075,1076,219500.0,189343.17396352265
1076,1077,170000.0,166164.5278684539
1077,1078,138800.0,135285.2682123281
1078,1079,155900.0,147809.40343576833
1079,1080,126000.0,135564.2822119053
1080,1081,145000.0,166829.6225698045
1081,1082,133000.0,129934.3173150594
1082,1083,192000.0,190846.12329883198
1083,1084,160000.0,160397.70356367066
1084,1085,187500.0,180928.99315401152
1085,1086,147000.0,150378.7433307114
1086,1087,83500.0,93189.00215091881
1087,1088,252000.0,269655.8139183723
1088,1089,137500.0,147216.76974237917
1089,1090,197000.0,207449.80258299783
1090,1091,92900.0,95076.72245772107
1091,1092,160000.0,154075.05960110645
1092,1093,136500.0,163566.6234921977
1093,1094,146000.0,157872.70446717774
1094,1095,129000.0,130223.12403023192
1095,1096,176432.0,171574.17383418945
1096,1097,127000.0,121080.12023442957
1097,1098,170000.0,170169.56505724683
1098,1099,128000.0,105234.28820172852
1099,1100,157000.0,175924.893618276
1100,1101,60000.0,65016.413356074474
1101,1102,119500.0,123189.77874305514
1102,1103,135000.0,133206.63508895555
1103,1104,159500.0,151598.11339681337
1104,1105,106000.0,107045.84044498527
1105,1106,325000.0,326881.6871566622
1106,1107,179900.0,190253.954799718
1107,1108,274725.0,255400.07432665874
1108,1109,181000.0,172851.52275961422
1109,1110,280000.0,283164.25429562933
1110,1111,188000.0,186202.67216459694
1111,1112,205000.0,189941.66028788834
1112,1113,129900.0,124169.05891255545
1113,1114,134500.0,130959.17994434251
1114,1115,117000.0,118401.99564905504
1115,1116,318000.0,313304.4997312151
1116,1117,184100.0,192436.52408414322
1117,1118,130000.0,134902.05353263216
1118,1119,140000.0,134833.9318663378
1119,1120,133700.0,133323.66055016243
1120,1121,118400.0,118054.17412711542
1121,1122,212900.0,224228.31936872678
1122,1123,112000.0,96508.69886572768
1123,1124,118000.0,116460.87475170972
1124,1125,163900.0,162938.67045507074
1125,1126,115000.0,115238.86159577739
1126,1127,174000.0,191506.15395795275
1127,1128,259000.0,241814.9519648913
1128,1129,215000.0,217839.59342386783
1129,1130,140000.0,131814.19982128477
1130,1131,135000.0,146047.0305943377
1131,1132,93500.0,110463.59705963627
1132,1133,117500.0,123304.59216869508
1133,1134,239500.0,253722.52122357374
1134,1135,169000.0,173899.61319330713
1135,1136,102000.0,103889.75864938255
1136,1137,119000.0,128785.76342338634
1137,1138,94000.0,94397.76522023157
1138,1139,196000.0,180120.33413470964
1139,1140,144000.0,132161.2288958954
1140,1141,139000.0,136748.28511513153
1141,1142,197500.0,178701.94325857496
1142,1143,424870.0,355360.64801704435
1143,1144,80000.0,98115.23782390209
1144,1145,80000.0,83822.95869434396
1145,1146,149000.0,123888.45563447967
1146,1147,180000.0,169337.3585640923
1147,1148,174500.0,163490.0991484568
1148,1149,116900.0,125833.94390211611
1149,1150,143000.0,137089.99093467422
1150,1151,124000.0,135109.9336326553
1151,1152,149900.0,146994.23202972993
1152,1153,230000.0,212522.80552400727
1153,1154,120500.0,119639.05010137253
1154,1155,201800.0,213271.19316301268
1155,1156,218000.0,200200.23579664624
1156,1157,179900.0,182147.20139000085
1157,1158,230000.0,214008.1456296822
1158,1159,235128.0,243337.40152421102
1159,1160,185000.0,175695.4649730593
1160,1161,146000.0,154139.78289200572
1161,1162,224000.0,218212.8925881353
1162,1163,129000.0,129956.74955770894
1163,1164,108959.0,129497.6256939804
1164,1165,194000.0,193940.452773177
1165,1166,233170.0,230866.6432705974
1166,1167,245350.0,266334.4999189199
1167,1168,173000.0,184655.86619954614
1168,1169,235000.0,218293.77170252654
1169,1170,625000.0,613328.4825468918
1170,1171,171000.0,150158.49032299183
1171,1172,163000.0,163407.95194947586
1172,1173,171900.0,157906.33527293405
1173,1174,200500.0,182155.10130846588
1174,1175,239000.0,224843.281354023
1175,1176,285000.0,313375.2167092003
1176,1177,119500.0,129698.3118861443
1177,1178,115000.0,121143.43314331734
1178,1179,154900.0,131020.40620423645
1179,1180,93000.0,102839.99341955128
1180,1181,250000.0,257600.04625275524
1181,1182,392500.0,356731.6357612869
1182,1183,683249.9999999998,667365.6736799816
1183,1184,120000.0,147415.34685555205
1184,1185,186700.0,189167.91677617232
1185,1186,104900.0,127234.02388002291
1186,1187,95000.0,106786.90924336185
1187,1188,262000.0,278013.3455693087
1188,1189,195000.0,192214.386308536
1189,1190,189000.0,200927.01104241566
1190,1191,168000.0,173582.0767968168
1191,1192,174000.0,178517.07451737812
1192,1193,125000.0,123482.83690318509
1193,1194,165000.0,165572.6725823632
1194,1195,158000.0,142102.50817644462
1195,1196,176000.0,164164.03170588217
1196,1197,219210.0,224094.06103942686
1197,1198,144000.0,157243.37551477118
1198,1199,178000.0,177109.14601973598
1199,1200,148000.0,140987.7476052511
1200,1201,116050.0,100955.25541610076
1201,1202,197900.0,195313.5267503562
1202,1203,117000.0,129748.53682386567
1203,1204,213000.0,209349.0461161881
1204,1205,153500.0,143276.18892039199
1205,1206,271900.0,274127.53348048567
1206,1207,107000.0,106221.66698118993
1207,1208,200000.0,193172.99681440834
1208,1209,140000.0,140693.800597165
1209,1210,290000.0,300927.6224288455
1210,1211,189000.0,191303.95683685114
1211,1212,164000.0,196622.17903056857
1212,1213,113000.0,90305.61444610645
1213,1214,145000.0,133246.19705353194
1214,1215,134500.0,125908.4247000241
1215,1216,125000.0,121199.47108331646
1216,1217,112000.0,128943.68719774301
1217,1218,229456.0,236401.21210047265
1218,1219,80500.0,66256.97448704862
1219,1220,91500.0,96300.66712317766
1220,1221,115000.0,120090.07210828134
1221,1222,134000.0,130389.37720450127
1222,1223,143000.0,150909.77611966952
1223,1224,137900.0,155253.14679485792
1224,1225,184000.0,182153.79224279543
1225,1226,145000.0,137931.9745857401
1226,1227,214000.0,206102.52712873314
1227,1228,147000.0,140687.39613660178
1228,1229,367294.0,409568.1041671781
1229,1230,127000.0,135902.71369793193
1230,1231,190000.0,196731.20667719483
1231,1232,132500.0,143451.07974591522
1232,1233,101800.0,105013.35147174334
1233,1234,142000.0,141960.7503718846
1234,1235,130000.0,119604.21553042298
1235,1236,138887.0,136658.01639084073
1236,1237,175500.0,171089.31606792033
1237,1238,195000.0,215251.92119901092
1238,1239,142500.0,151082.5881327082
1239,1240,265900.0,223123.48111422075
1240,1241,224900.0,205144.419463624
1241,1242,248328.0,252281.25117264158
1242,1243,170000.0,175677.20791196538
1243,1244,465000.0,449095.5077695802
1244,1245,230000.0,201647.30242476007
1245,1246,178000.0,194191.66069768515
1246,1247,186500.0,190537.62668645664
1247,1248,169900.0,158439.79463629035
1248,1249,129500.0,147040.06474512583
1249,1250,119000.0,124463.1458449435
1250,1251,244000.0,242507.15009930954
1251,1252,171750.0,182262.59498828114
1252,1253,130000.0,123499.75110912345
1253,1254,294000.0,268807.34697042697
1254,1255,165400.0,188911.02159111816
1255,1256,127500.0,134623.07314711504
1256,1257,301500.0,325687.05398673733
1257,1258,99900.0,103233.4084503453
1258,1259,190000.0,169894.4938665501
1259,1260,151000.0,147745.7474549126
1260,1261,181000.0,194128.41581747524
1261,1262,128900.0,128295.00463541885
1262,1263,161500.0,144694.50986509793
1263,1264,180500.0,168572.17916318218
1264,1265,181000.0,174684.43326498114
1265,1266,183900.0,163912.27594058725
1266,1267,122000.0,130099.12791398785
1267,1268,378500.0,381770.5166592055
1268,1269,381000.0,379272.5327803503
1269,1270,144000.0,136623.90706385925
1270,1271,260000.0,233985.51967050473
1271,1272,185750.0,171780.15945070927
1272,1273,137000.0,131510.03480251387
1273,1274,177000.0,172573.71541859725
1274,1275,139000.0,127812.39763149993
1275,1276,137000.0,135609.4074055632
1276,1277,162000.0,161994.60421749027
1277,1278,197900.0,186114.14272609758
1278,1279,237000.0,258338.661995462
1279,1280,68400.0,83513.53379542487
1280,1281,227000.0,224787.80473711406
1281,1282,180000.0,190332.59110469834
1282,1283,150500.0,147545.02888551544
1283,1284,139000.0,137385.75011531363
1284,1285,169000.0,203528.62502262965
1285,1286,132500.0,123270.283367485
1286,1287,143000.0,157635.89699442236
1287,1288,190000.0,177162.67831601246
1288,1289,278000.0,258355.81108104857
1289,1290,281000.0,270785.2194178883
1290,1291,180500.0,164236.1907008149
1291,1292,119500.0,107759.00722920246
1292,1293,107500.0,116880.52887307307
1293,1294,162900.0,188109.62884410896
1294,1295,115000.0,121551.71068843165
1295,1296,138500.0,132955.4648919559
1296,1297,155000.0,148341.6523485254
1297,1298,140000.0,150147.266210001
1298,1299,160000.0,177132.39110395513
1299,1300,154000.0,162866.89852491958
1300,1301,225000.0,222952.57448377824
1301,1302,177500.0,155241.00680789212
1302,1303,290000.0,306755.27955129487
1303,1304,232000.0,222501.39436849544
1304,1305,130000.0,148523.62142033456
1305,1306,325000.0,330237.5708362147
1306,1307,202500.0,192734.4895783716
1307,1308,138000.0,141048.26097563663
1308,1309,147000.0,140952.43729550336
1309,1310,179200.0,173102.52906071668
1310,1311,335000.0,290612.21407652035
1311,1312,203000.0,206308.54762570863
1312,1313,302000.0,319680.75983863237
1313,1314,333168.0,369941.1639724162
1314,1315,119000.0,122064.57608028597
1315,1316,206900.0,176724.60498752157
1316,1317,295493.0,286725.4170804349
1317,1318,208900.0,191814.94268342067
1318,1319,275000.0,282673.3584932743
1319,1320,111000.0,110288.1268373446
1320,1321,156500.0,160404.84229469957
1321,1322,72500.0,67957.46502086484
1322,1323,190000.0,199560.1115547374
1323,1324,82500.0,85109.04268204176
1324,1325,147000.0,219472.98187751666
1325,1326,55000.0,62648.23482751302
1326,1327,79000.0,81868.42725767917
1327,1328,130500.0,135443.55767532086
1328,1329,256000.0,246695.25393374806
1329,1330,176500.0,185290.75714381257
1330,1331,227000.0,245880.45579959723
1331,1332,132500.0,129598.15204656127
1332,1333,100000.0,108640.1621611874
1333,1334,125500.0,116624.76267142661
1334,1335,125000.0,117894.2258204074
1335,1336,167900.0,165097.78015364337
1336,1337,135000.0,142968.9019738949
1337,1338,52500.0,53428.560327854706
1338,1339,200000.0,212687.8145625423
1339,1340,128500.0,122751.93484933375
1340,1341,123000.0,105810.63461585238
1341,1342,155000.0,163833.41755007824
1342,1343,228500.0,265803.0976600854
1343,1344,177000.0,163683.1782081092
1344,1345,155835.0,177219.00955339512
1345,1346,108500.0,89681.53618149729
1346,1347,262500.0,267526.1177402006
1347,1348,283463.0,283702.6410966434
1348,1349,215000.0,232999.49486219863
1349,1350,122000.0,140768.35640042587
1350,1351,200000.0,202634.63384183365
1351,1352,171000.0,172938.27900479353
1352,1353,134900.0,130824.68243909591
1353,1354,410000.0,405445.1597759758
1354,1355,235000.0,231665.9287945426
1355,1356,170000.0,190330.9944711458
1356,1357,110000.0,112263.34022350093
1357,1358,149900.0,158965.56785298957
1358,1359,177500.0,170148.75714645037
1359,1360,315000.0,358708.8607599228
1360,1361,189000.0,184779.09322635466
1361,1362,260000.0,235908.7093412812
1362,1363,104900.0,118848.9195116395
1363,1364,156932.0,160669.09732975886
1364,1365,144152.0,145708.14850456757
1365,1366,216000.0,205744.88569158645
1366,1367,193000.0,206098.0609360818
1367,1368,127000.0,135369.6819673587
1368,1369,144000.0,142139.3659903875
1369,1370,232000.0,262853.9014617155
1370,1371,105000.0,117885.33171850673
1371,1372,165500.0,174317.6084422307
1372,1373,274300.0,255056.1745308013
1373,1374,466500.0,424201.65250585397
1374,1375,250000.0,237047.69307755822
1375,1376,239000.0,259098.15334637274
1376,1377,91000.0,101709.30486263189
1377,1378,117000.0,131543.4342305108
1378,1379,83000.0,93111.85985533688
1379,1380,167500.0,141242.5463005323
1380,1381,58500.0,72838.05319382407
1381,1382,237500.0,220414.76630688313
1382,1383,157000.0,155385.19200858247
1383,1384,112000.0,160907.2182904061
1384,1385,105000.0,119811.83917445785
1385,1386,125500.0,121398.89407735068
1386,1387,250000.0,255378.25025301502
1387,1388,136000.0,155690.94064471524
1388,1389,377500.0,355752.8192305651
1389,1390,131000.0,121932.89229597482
1390,1391,235000.0,238251.8760645303
1391,1392,124000.0,125470.14602152967
1392,1393,123000.0,130808.91415410438
1393,1394,163000.0,159542.3468024587
1394,1395,246578.0,226903.0610700823
1395,1396,281213.0,295028.51838767197
1396,1397,160000.0,164628.4354169157
1397,1398,137500.0,130657.59367782896
1398,1399,138000.0,136064.87628520583
1399,1400,137450.0,153973.29948279943
1400,1401,120000.0,122915.19498705909
1401,1402,193000.0,184134.10745007126
1402,1403,193879.0,198789.95106493015
1403,1404,282922.0,259345.33205465824
1404,1405,105000.0,100476.6453990961
1405,1406,275000.0,275321.7769222631
1406,1407,133000.0,132253.8335498704
1407,1408,112000.0,117870.45722189407
1408,1409,125500.0,106909.42892702129
1409,1410,215000.0,227726.168465287
1410,1411,230000.0,214412.86089970305
1411,1412,140000.0,152253.38714241018
1412,1413,90000.0,95666.94400823944
1413,1414,257000.0,268771.9110807543
1414,1415,207000.0,187492.04544058212
1415,1416,175900.0,199359.27422851478
1416,1417,122500.0,123742.23726841083
1417,1418,340000.0,329671.1329888451
1418,1419,124000.0,131038.74505890222
1419,1420,223000.0,194019.32419102354
1420,1421,179900.0,162262.93947386314
1421,1422,127500.0,141621.28143916262
1422,1423,136500.0,142139.3659903875
1423,1424,274970.0,243530.34931616674
1424,1425,144000.0,145199.58060958982
1425,1426,142000.0,148458.2922054161
1426,1427,271000.0,247642.1028716421
1427,1428,140000.0,141923.5733089626
1428,1429,119000.0,110390.53677667251
1429,1430,182900.0,190911.80747796348
1430,1431,192140.0,176414.19086290538
1431,1432,143750.0,131900.38077853803
1432,1433,64500.0,99655.89558913557
1433,1434,186500.0,185593.79901950265
1434,1435,160000.0,169943.56063338552
1435,1436,174000.0,178321.21247821796
1436,1437,120500.0,114382.21022099332
1437,1438,394617.0,394158.91318472516
1438,1439,149700.0,155189.73683519996
1439,1440,197000.0,188124.3850450263
1440,1441,191000.0,199080.73907268263
1441,1442,149300.0,146061.1324786502
1442,1443,310000.0,328798.96463831665
1443,1444,121000.0,112742.05452394002
1444,1445,179600.0,194921.5604316532
1445,1446,129000.0,124530.89673855342
1446,1447,157900.0,150893.81143353498
1447,1448,240000.0,269348.13098674756
1448,1449,112000.0,112014.13704477772
1449,1450,92000.0,91255.04347858179
1450,1451,136000.0,129393.34518848314
1451,1452,287090.0,271670.64194265235
1452,1453,145000.0,144966.4093858003
1453,1454,84500.0,116965.5765121521
1454,1455,185000.0,183590.81403083904
1455,1456,175000.0,172190.67175150642
1456,1457,210000.0,207889.56163203332
1457,1458,266500.0,246404.96652982367
1458,1459,142125.0,139839.75662134183
1459,1460,147500.0,153156.1651085585
